aa,p2,p1,p_neg_1,p_neg_2
A,0.07029987430418387,0.09323543702424013,0.09819585315501302,0.07845522959758461
C,0.002873047225713773,0.006586406089726286,0.005205995871106723,0.005497724302645217
D,0.029942539055485724,0.0792528208173622,0.03523023067947222,0.04362128790951286
E,0.07119770156221943,0.11164498191437672,0.06197827843102056,0.06353927267811275
F,0.018585024241335967,0.028127193219240943,0.01961224306615205,0.02081925104772205
G,0.055665289998204345,0.06867138152567079,0.061035813661251236,0.07687801360912082
H,0.020919375112228408,0.024402094693084273,0.014720402118301768,0.014240007210130233
I,0.040132878434189265,0.06829347297953896,0.030158872632618256,0.044837997386327794
K,0.09970371700484827,0.06132915834368083,0.08733506866529037,0.061286106980307335
L,0.05243311186927635,0.0969605355503968,0.05677228255991383,0.08679194267946465
M,0.020201113305799965,0.023322355989850455,0.02122789695718517,0.026857735117840564
N,0.03510504578919016,0.03287804351346974,0.029754959159859977,0.032806092560046865
P,0.00682348716107021,0.0038870593316417427,0.03276187056817162,0.029291154071470416
Q,0.049604956006464355,0.039950332019651244,0.03662148819675074,0.027668874769050517
R,0.06006464356257856,0.060573341251417154,0.05910600484696167,0.04528863052588887
S,0.05867301131262345,0.05830588997462614,0.06332465667354815,0.053670406921725027
T,0.06379062668342611,0.05933164174269827,0.05268826855758011,0.04889369564237754
V,0.07676423056203986,0.08233007612157858,0.06426712144331748,0.07011851651570457
W,0.0017058717902675524,0.0009177778977487449,0.0012117404182748408,0.0022531656978054164
Y,0.16551445501885437,0.0,0.1687909523382102,0.16718489477716192
