aa,p_neg_2_prime,p_neg_1_prime,p1_prime,p2_prime
A,0.061068702290076333,0.0905683947532792,0.11296076099881094,0.09155766944114149
C,0.022264631043257,0.009993753903810118,0.005945303210463734,0.0023781212841854932
D,0.048982188295165395,0.12242348532167395,0.048156956004756245,0.0558858501783591
E,0.07951653944020357,0.11430356027482823,0.07491082045184304,0.06658739595719382
F,0.01272264631043257,0.014366021236727046,0.019024970273483946,0.017241379310344827
G,0.052798982188295165,0.10056214865708932,0.0713436385255648,0.13198573127229488
H,0.02862595419847328,0.006870705808869456,0.019024970273483946,0.03329369797859691
I,0.02989821882951654,0.048094940662086194,0.019024970273483946,0.0802615933412604
K,0.08142493638676845,0.05871330418488445,0.07074910820451843,0.041617122473246136
L,0.06870229007633588,0.09181761399125546,0.04518430439952437,0.08799048751486326
M,0.035623409669211195,0.04372267332916927,0.05826397146254459,0.034482758620689655
N,0.030534351145038167,0.0231105559025609,0.059453032104637336,0.036860879904875146
P,0.03244274809160305,0.021861336664584636,0.018430439952437573,0.06837098692033294
Q,0.07951653944020357,0.03310430980637102,0.0624256837098692,0.03210463733650416
R,0.0737913486005089,0.04871955028107433,0.06064209274673008,0.04518430439952437
S,0.08778625954198473,0.03872579637726421,0.07847800237812129,0.04102259215219976
T,0.07569974554707379,0.03247970018738289,0.06064209274673008,0.054696789536266346
V,0.08396946564885496,0.07745159275452843,0.09690844233055886,0.05112960760998811
W,0.0031806615776081423,0.010618363522798251,0.0017835909631391202,0.0047562425683709865
Y,0.011450381679389313,0.012492192379762648,0.016646848989298454,0.022592152199762187
