aa,p_neg_2_prime,p_neg_1_prime,p1_prime,p2_prime
A,0.0872609749528683,0.08536753439427965,0.08501932989690722,0.08715367268041237
C,0.004945767940650785,0.004783176191132478,0.005734536082474226,0.004743878865979381
D,0.05649274865542035,0.05871956805486871,0.05935083762886598,0.05757893041237113
E,0.07758163373568706,0.0793358681464787,0.07691688144329897,0.07897873711340206
F,0.026157073019448456,0.02751542371644683,0.02849548969072165,0.02663498711340206
G,0.07785095773245518,0.08063300067288749,0.08058956185567011,0.07854381443298969
H,0.019987105093488073,0.019732628557993983,0.02103737113402062,0.019861469072164947
I,0.04585853144969762,0.04211627171683597,0.04004510309278351,0.04433795103092784
K,0.10418758008308238,0.10162222636584002,0.09928318298969072,0.10552512886597938
L,0.07218699246708943,0.06942091139774137,0.06481153350515464,0.07222938144329896
M,0.02869524765565703,0.029655692385021363,0.030726481958762885,0.02458118556701031
N,0.03524063691044569,0.037308774290833326,0.038385953608247425,0.036847615979381444
P,0.05481967534216389,0.05548484381713674,0.05676546391752577,0.05607280927835052
Q,0.04296125815113157,0.04249730439646856,0.043677512886597936,0.043153994845360824
R,0.06058973793958981,0.05963566790164493,0.06021262886597938,0.05852931701030928
S,0.056908976650425616,0.05674954803038533,0.05898034793814433,0.059238079896907214
T,0.06002660594634739,0.05928706353517256,0.0587145618556701,0.058311855670103094
V,0.07046495115442059,0.07150443051828552,0.07073936855670103,0.06956346649484536
W,0.0030278546303324112,0.00343740119498334,0.0036404639175257733,0.003237757731958763
Y,0.014755690489598381,0.015192664715563159,0.01687338917525773,0.01487596649484536
