aa,p2,p1,p_neg_1,p_neg_2
A,0.08996528901838063,0.09103592765065918,0.0906822488945041,0.09027494677718893
C,0.0063397000107909786,0.00682963871073987,0.0066329753632343655,0.00622820129546587
D,0.05734056328909032,0.05950888813664767,0.05786932587311615,0.05768446799836934
E,0.0831220099996403,0.08461798852730483,0.08361609962999729,0.08381573583367305
F,0.024158303658141794,0.025346971263368802,0.023680173269560508,0.024201657833944828
G,0.07865724254523218,0.07939855264722835,0.07781337424420179,0.07719345925623952
H,0.02035897989280961,0.02184752477059184,0.020963811930331196,0.02043302985007021
I,0.04551994532570771,0.04365845402230497,0.043985199891706524,0.045051410970693484
K,0.09923653825401964,0.09840535026486007,0.09765364136810757,0.09970104633781764
L,0.0735944750188842,0.07010786529189501,0.07141052251601841,0.07281333514517371
M,0.02669867990360059,0.028073337419832943,0.026838732966338777,0.02623544865697332
N,0.03514262076903708,0.03894220652681079,0.036846854976987635,0.036984191692711874
P,0.04795690802489119,0.048603423510791104,0.04786571609060554,0.048353490057525934
Q,0.0443329376641128,0.04669130764937833,0.0450230123635051,0.04415907958508855
R,0.05981799215855545,0.061603981592454005,0.059773486147459615,0.05930606513566155
S,0.06044296967734974,0.062285573131570036,0.06104593448244743,0.06039316936177923
T,0.05748893924678968,0.05854825576608144,0.05699395361429474,0.05664718938261539
V,0.07005143699866911,0.07094956222610542,0.07091868964894865,0.07024505141097069
W,0.003196827452249919,0.0035451908913753513,0.003415756700658785,0.003474203922634416
Y,0.016577641092047048,0.0,0.016970490027975814,0.016804819495402454
